id,nombre
1,Aguilar
2,Alfaguara
3,Alfaguara Juvenil
4,Alianza
5,Anagrama
6,B de Bolsillo
7,Booket
8,Catapulta
9,Chai Editora
10,Contraluz
11,Debate
12,Debolsillo
13,Deja Vu
14,Del Fondo Editorial
15,Destino
16,Diana
17,El Ateneo
18,Feltrinelli Editores
19,Gaia Ediciones
20,Grijalbo
21,Guadal
22,Herder
23,La Crujía
24,La Pollera Ediciones
25,LEA
26,Little Rex
27,Losada
28,Lumen
29,Martínez Roca
30,Montena
31,Newton Compton Editores
32,Nórdica Libros
33,Pablo Andrés Villar
34,Planeta
35,Plaza & Janés
36,Puck
37,Random House
38,RBA Libros
39,RBA Molino
40,Salamandra Bolsillo
41,Seix Barral
42,Sudamericana
43,Suma de Letras
44,Taurus
45,Temas de Hoy
46,Tusquets
47,Urano
48,VR Editoras
49,VR YA