id,libro_id,moneda_id,importe
1,1,1,34309.80
2,2,1,36373.90
3,3,1,38947.44
4,4,1,18126.00
5,5,1,43289.87
6,6,1,40571.02
7,7,1,24757.20
8,8,1,48953.98
9,9,1,46299.76
10,10,1,44548.90
11,11,1,24195.55
12,12,1,10495.80
13,13,1,27833.40
14,14,1,32373.00
15,15,1,33388.94
16,16,1,32881.06
17,17,1,37720.80
18,18,1,22180.50
19,19,1,46699.40
20,20,1,40950.00
21,21,1,37078.97
22,22,1,33388.94
23,23,1,19835.27
24,24,1,48700.64
25,25,1,16477.20
26,26,1,29160.00
27,27,1,43061.40
28,28,1,40491.00
29,29,1,29331.90
30,30,1,23637.47
31,31,1,31698.12
32,32,1,34819.94
33,33,1,39743.04
34,34,1,30794.40
35,35,1,41039.04
36,36,1,19991.70
37,37,1,39197.34
38,38,1,28821.76
39,39,1,40175.07
40,40,1,54601.37
41,41,1,37196.59
42,42,1,34342.94
43,43,1,25270.96
44,44,1,39048.54
45,45,1,46085.40
46,46,1,37799.10
47,47,1,52959.65
48,48,1,40954.50
49,49,1,48595.26
50,50,1,33925.50
51,51,1,12068.10
52,52,1,43065.90
53,53,1,29664.00
54,54,1,26631.00
55,55,1,57680.96
56,56,1,38896.68
57,57,1,24576.96
58,58,1,37163.49
59,59,1,12204.02
60,60,1,60258.64
61,61,1,31950.45
62,62,1,36191.68
63,63,1,40771.80
64,64,1,43476.30
65,65,1,15241.77
66,66,1,21956.40
67,67,1,37000.05
68,68,1,32758.96
69,69,1,34133.40
70,70,1,31516.97
71,71,1,23826.16
72,72,1,24839.08
73,73,1,20203.20
74,74,1,48409.90
75,75,1,42070.73
76,76,1,172303.95
77,77,1,50461.95
78,78,1,28080.00
79,79,1,24105.60
80,80,1,37596.72
81,81,1,37664.07
82,82,1,34643.70
83,83,1,30751.98
84,84,1,39386.70
85,85,1,22678.95
86,86,1,39946.40
87,87,1,38210.64
88,88,1,45229.50
89,89,1,24663.60
90,90,1,28224.00
91,91,1,37914.30
92,92,1,32443.97
93,93,1,23481.94
94,94,1,31978.80
95,95,1,47910.50
96,96,1,30193.90
97,97,1,15787.80
98,98,1,21065.40
99,99,1,27487.76
100,100,1,30239.04
