libro_id,cantidad
1,2
2,4
3,23
4,1
5,9
6,14
7,21
8,14
9,17
10,23
11,21
12,18
13,1
14,19
15,0
16,15
17,19
18,25
19,6
20,16
21,6
22,23
23,24
24,3
25,18
26,12
27,3
28,5
29,6
30,23
31,16
32,1
33,2
34,25
35,13
36,8
37,14
38,3
39,2
40,8
41,7
42,6
43,25
44,1
45,2
46,1
47,5
48,4
49,22
50,21
51,25
52,22
53,1
54,9
55,0
56,7
57,21
58,1
59,22
60,6
61,7
62,14
63,8
64,13
65,12
66,12
67,7
68,13
69,6
70,13
71,14
72,0
73,1
74,12
75,16
76,3
77,13
78,13
79,1
80,23
81,5
82,16
83,0
84,11
85,15
86,2
87,2
88,21
89,22
90,8
91,2
92,25
93,4
94,8
95,1
96,14
97,16
98,0
99,14
100,18